City_ID,City,Country,Date,Lat,Lng,Max Temp,Humidity,Cloudiness,Wind Speed
0,Sao Joao Da Barra,BR,2021-09-19 17:20:39,-21.6403,-41.0511,82.49,70,12,15.97
1,Bredasdorp,ZA,2021-09-19 17:20:27,-34.5322,20.0403,60.12,67,3,13.8
2,Beringovskiy,RU,2021-09-19 17:20:39,63.05,179.3167,40.1,88,99,7.58
3,Maiduguri,NG,2021-09-19 17:19:08,11.8464,13.1603,89.04,44,74,3.91
4,Jamestown,US,2021-09-19 17:19:06,42.097,-79.2353,73.02,53,1,4.0
5,Bengkulu,ID,2021-09-19 17:20:40,-3.8004,102.2655,74.84,90,84,5.59
6,Puerto Ayora,EC,2021-09-19 17:20:40,-0.7393,-90.3518,78.76,93,85,8.99
7,Bayan,CN,2021-09-19 17:20:40,46.0833,127.4,44.06,95,99,5.88
8,Strezhevoy,RU,2021-09-19 17:20:40,60.7333,77.5889,37.38,94,100,2.98
9,Saint-Philippe,RE,2021-09-19 17:20:41,-21.3585,55.7679,67.59,67,52,9.71
10,Nuuk,GL,2021-09-19 17:20:41,64.1835,-51.7216,41.61,65,75,10.36
11,Luau,AO,2021-09-19 17:20:41,-10.7073,22.2247,83.16,21,92,5.48
12,Touros,BR,2021-09-19 17:20:41,-5.1989,-35.4608,86.9,54,32,17.47
13,Kruisfontein,ZA,2021-09-19 17:20:42,-34.0033,24.7314,58.89,86,88,11.34
14,Rikitea,PF,2021-09-19 17:20:11,-23.1203,-134.9692,73.47,76,1,11.74
15,Manyana,BW,2021-09-19 17:20:42,-23.4,21.7167,80.8,24,72,12.41
16,Kidero,RU,2021-09-19 17:20:42,42.1932,45.9614,48.81,88,42,1.66
17,Hamilton,US,2021-09-19 17:20:35,39.1834,-84.5333,88.75,54,1,1.99
18,Sawtell,AU,2021-09-19 17:20:43,-30.3833,153.1,60.82,82,1,8.05
19,Manakara,MG,2021-09-19 17:20:43,-22.1333,48.0167,66.2,72,76,5.75
20,Griffith,US,2021-09-19 17:20:43,41.5284,-87.4237,88.29,56,1,1.01
21,Mar Del Plata,AR,2021-09-19 17:20:43,-38.0023,-57.5575,60.82,88,75,16.11
22,Narsaq,GL,2021-09-19 17:20:44,60.9167,-46.05,43.02,83,100,4.32
23,Avarua,CK,2021-09-19 17:18:34,-21.2078,-159.775,73.45,88,90,12.66
24,Saint-Gilles,FR,2021-09-19 17:20:44,43.6766,4.4302,71.55,60,0,3.44
25,Busselton,AU,2021-09-19 17:20:13,-33.65,115.3333,49.05,79,1,12.17
26,Chuy,UY,2021-09-19 17:20:17,-33.6971,-53.4616,64.62,87,99,11.72
27,Mahebourg,MU,2021-09-19 17:20:44,-20.4081,57.7,70.09,60,75,11.5
28,Albany,US,2021-09-19 17:19:04,42.6001,-73.9662,72.48,55,65,7.65
29,Barrow,US,2021-09-19 17:20:10,71.2906,-156.7887,32.02,69,90,19.57
30,Vila Franca Do Campo,PT,2021-09-19 17:20:45,37.7167,-25.4333,72.01,58,55,9.26
31,Pisco,PE,2021-09-19 17:20:45,-13.7,-76.2167,66.25,68,20,10.36
32,Cidreira,BR,2021-09-19 17:20:45,-30.1811,-50.2056,69.3,85,87,11.92
33,Poronaysk,RU,2021-09-19 17:20:45,49.2167,143.1167,45.23,71,11,6.67
34,Loubomo,CG,2021-09-19 17:20:46,-4.1997,12.6739,87.37,41,61,3.85
35,Bethel,US,2021-09-19 17:19:07,41.3712,-73.414,75.88,53,1,1.01
36,Atuona,PF,2021-09-19 17:20:24,-9.8,-139.0333,77.11,82,42,18.41
37,Starodub,RU,2021-09-19 17:20:46,52.5844,32.7633,48.38,97,100,9.13
38,Victoria,HK,2021-09-19 17:16:46,22.2855,114.1577,86.32,83,50,7.38
39,Kupang,ID,2021-09-19 17:20:46,-10.1667,123.5833,77.56,77,57,11.45
40,Weligama,LK,2021-09-19 17:20:46,5.9667,80.4167,79.32,89,30,7.43
41,Bluff,NZ,2021-09-19 17:20:15,-46.6,168.3333,39.79,85,25,10.67
42,Hilo,US,2021-09-19 17:20:26,19.7297,-155.09,73.8,79,1,0.0
43,Lasa,IT,2021-09-19 17:20:47,46.6166,10.7002,61.68,98,100,3.27
44,Ericeira,PT,2021-09-19 17:20:47,38.9627,-9.4156,74.88,61,3,21.99
45,Margate,GB,2021-09-19 17:20:47,51.3813,1.3862,66.11,89,95,0.27
46,East London,ZA,2021-09-19 17:20:48,-33.0153,27.9116,59.94,88,20,14.97
47,Dikson,RU,2021-09-19 17:20:48,73.5069,80.5464,35.89,88,95,10.36
48,Sao Miguel Do Araguaia,BR,2021-09-19 17:20:48,-13.275,-50.1628,102.54,10,3,6.67
49,Ushuaia,AR,2021-09-19 17:20:15,-54.8,-68.3,49.66,50,75,24.16
50,Kokkola,FI,2021-09-19 17:20:48,63.8385,23.1307,46.92,68,90,4.61
51,Yellowknife,CA,2021-09-19 17:20:20,62.456,-114.3525,43.32,93,75,8.05
52,Ribeira Grande,PT,2021-09-19 17:20:20,38.5167,-28.7,72.0,64,75,6.91
53,Punta Arenas,CL,2021-09-19 17:20:14,-53.15,-70.9167,48.31,61,75,29.93
54,Cape Town,ZA,2021-09-19 17:20:12,-33.9258,18.4232,60.12,76,20,1.99
55,Hobart,AU,2021-09-19 17:20:10,-42.8794,147.3294,48.06,68,40,4.0
56,Sharjah,AE,2021-09-19 17:16:09,25.3573,55.4033,94.98,61,0,4.61
57,Laguna,US,2021-09-19 17:18:36,38.421,-121.4238,73.69,64,1,1.99
58,Ippy,CF,2021-09-19 17:20:49,6.2679,21.2247,71.62,95,70,3.24
59,Kodiak,US,2021-09-19 17:20:49,57.79,-152.4072,35.11,87,1,5.75
60,Faanui,PF,2021-09-19 17:20:17,-16.4833,-151.75,78.15,75,26,18.16
61,Tasiilaq,GL,2021-09-19 17:20:50,65.6145,-37.6368,39.36,71,99,5.12
62,Kapaa,US,2021-09-19 17:20:17,22.0752,-159.319,75.52,81,75,1.99
63,Chokurdakh,RU,2021-09-19 17:20:50,70.6333,147.9167,23.56,87,82,8.12
64,Vaini,TO,2021-09-19 17:20:25,-21.2,-175.2,69.96,88,20,6.91
65,Yulara,AU,2021-09-19 17:20:20,-25.2406,130.9889,66.04,82,77,6.91
66,Serafimovich,RU,2021-09-19 17:20:50,49.5786,42.736,64.65,37,99,17.05
67,Itaobim,BR,2021-09-19 17:20:51,-16.5667,-41.8333,97.84,18,9,4.56
68,Asau,RO,2021-09-19 17:20:51,46.4333,26.4,53.96,86,75,2.75
69,Hermanus,ZA,2021-09-19 17:20:51,-34.4187,19.2345,59.9,77,0,15.1
70,Padang,ID,2021-09-19 17:20:51,-0.9492,100.3543,77.05,84,100,3.38
71,Viedma,AR,2021-09-19 17:20:33,-40.8135,-62.9967,66.43,48,66,15.08
72,Novoagansk,RU,2021-09-19 17:20:52,61.9449,76.6625,35.83,94,93,4.43
73,Nichlaul,IN,2021-09-19 17:20:52,27.3167,83.7333,80.2,83,27,3.53
74,Paliyad,IN,2021-09-19 17:20:52,22.25,71.5667,81.79,79,74,12.77
75,Kassala,SD,2021-09-19 17:20:52,15.451,36.4,89.82,44,2,4.47
76,Esperance,AU,2021-09-19 17:20:21,-33.8667,121.9,54.1,60,91,11.83
77,Coahuayana,MX,2021-09-19 17:20:53,18.7333,-103.6833,83.68,95,100,2.13
78,Provideniya,RU,2021-09-19 17:20:21,64.3833,-173.3,32.97,86,100,9.33
79,Bintulu,MY,2021-09-19 17:20:53,3.1667,113.0333,75.61,100,40,0.0
80,Georgetown,MY,2021-09-19 17:19:21,5.4112,100.3354,80.55,91,40,1.01
81,Saldanha,ZA,2021-09-19 17:20:53,-33.0117,17.9442,59.05,79,100,8.16
82,Lompoc,US,2021-09-19 17:20:54,34.6391,-120.4579,77.85,66,1,0.0
83,Hofn,IS,2021-09-19 17:20:54,64.2539,-15.2082,50.95,80,27,17.52
84,Cabo Rojo,PR,2021-09-19 17:20:54,18.0866,-67.1457,89.82,75,18,5.82
85,Flinders,AU,2021-09-19 17:20:18,-34.5833,150.8552,56.05,74,0,1.01
86,Ostrovnoy,RU,2021-09-19 17:20:54,68.0531,39.5131,38.25,73,6,3.89
87,Maltahohe,NA,2021-09-19 17:20:55,-24.8333,16.9833,68.0,15,0,16.62
88,Lobva,RU,2021-09-19 17:20:55,59.1854,60.5185,36.1,73,94,9.84
89,Orumiyeh,IR,2021-09-19 17:20:55,37.5527,45.0761,60.35,59,0,4.61
90,Hithadhoo,MV,2021-09-19 17:20:55,-0.6,73.0833,83.28,71,96,2.17
91,Tadine,NC,2021-09-19 17:20:56,-21.55,167.8833,67.42,65,95,12.28
92,Norman Wells,CA,2021-09-19 17:16:19,65.282,-126.8329,42.84,93,90,2.3
93,Saskylakh,RU,2021-09-19 17:20:56,71.9167,114.0833,30.06,86,100,4.09
94,Severo-Kurilsk,RU,2021-09-19 17:20:56,50.6789,156.125,51.64,96,100,7.96
95,Senador Guiomard,BR,2021-09-19 17:20:56,-10.1522,-67.7392,94.75,24,26,3.69
96,Nikolskoye,RU,2021-09-19 17:20:29,59.7035,30.7861,44.49,73,98,6.73
97,Agadez,NE,2021-09-19 17:20:57,19.75,10.25,94.8,10,83,5.88
98,Baran,IN,2021-09-19 17:20:57,25.1,76.5167,76.89,93,59,11.92
99,Itoman,JP,2021-09-19 17:20:57,26.1247,127.6694,78.82,78,20,3.44
100,Katsuura,JP,2021-09-19 17:20:57,35.1333,140.3,68.11,75,91,15.59
101,Lamu,KE,2021-09-19 17:20:58,-2.2717,40.902,77.22,80,9,14.92
102,Tuktoyaktuk,CA,2021-09-19 17:20:58,69.4541,-133.0374,41.0,70,75,18.41
103,Cabo San Lucas,MX,2021-09-19 17:20:58,22.8909,-109.9124,92.17,65,20,1.01
104,Kailua,US,2021-09-19 17:20:59,21.4022,-157.7394,76.98,75,90,6.91
105,New Norfolk,AU,2021-09-19 17:20:59,-42.7826,147.0587,47.7,78,58,1.01
106,Samoylovka,RU,2021-09-19 17:20:59,51.184,43.7081,55.9,36,100,19.28
107,Panguipulli,CL,2021-09-19 17:16:14,-39.6333,-72.3333,51.51,47,26,4.16
108,Longyearbyen,SJ,2021-09-19 17:20:59,78.2186,15.6401,39.04,93,75,8.05
109,Pierre,US,2021-09-19 17:21:00,44.3683,-100.351,79.72,53,1,11.5
110,Soyo,AO,2021-09-19 17:21:00,-6.1349,12.3689,78.85,71,51,8.57
111,Bathsheba,BB,2021-09-19 17:21:00,13.2167,-59.5167,90.21,58,20,10.36
112,Plettenberg Bay,ZA,2021-09-19 17:21:01,-34.0527,23.3716,57.13,90,51,2.06
113,Thompson,CA,2021-09-19 17:21:01,55.7435,-97.8558,59.16,88,75,3.44
114,Lavrentiya,RU,2021-09-19 17:21:01,65.5833,-171.0,28.74,75,41,7.23
115,Mareeba,AU,2021-09-19 17:21:01,-17.0,145.4333,66.92,88,100,2.3
116,Mataura,NZ,2021-09-19 17:20:16,-46.1927,168.8643,39.47,98,19,3.0
117,Axim,GH,2021-09-19 17:21:02,4.8699,-2.2405,79.18,78,22,7.18
118,Maldonado,UY,2021-09-19 17:20:10,-34.6667,-54.9167,69.22,76,81,15.03
119,West Fargo,US,2021-09-19 17:21:02,46.875,-96.9004,80.65,56,1,5.01
120,Butaritari,KI,2021-09-19 17:21:02,3.0707,172.7902,82.87,63,100,15.82
121,Bridlington,GB,2021-09-19 17:21:03,54.0831,-0.1919,66.88,95,100,6.6
122,Ambilobe,MG,2021-09-19 17:21:03,-13.2,49.05,74.16,83,97,4.16
123,Alofi,NU,2021-09-19 17:20:17,-19.0595,-169.9187,73.29,94,30,2.3
124,Qaanaaq,GL,2021-09-19 17:21:03,77.484,-69.3632,19.53,89,98,5.35
125,Saint-Francois,FR,2021-09-19 17:21:03,46.4154,3.9054,58.48,94,90,5.75
126,Necochea,AR,2021-09-19 17:21:04,-38.5473,-58.7368,63.72,74,70,16.51
127,Khilok,RU,2021-09-19 17:21:04,51.3674,110.4676,48.56,93,62,3.38
128,Deputatskiy,RU,2021-09-19 17:21:04,69.3,139.9,16.39,95,99,6.4
129,Khash,IR,2021-09-19 17:21:05,28.2211,61.2158,77.9,17,0,8.75
130,Broome,US,2021-09-19 17:21:05,42.2506,-75.833,72.7,55,1,1.99
131,Penzance,GB,2021-09-19 17:21:05,50.1186,-5.5371,63.28,76,65,13.44
132,San Patricio,US,2021-09-19 17:21:06,28.017,-97.5169,92.88,46,0,2.59
133,Sitka,US,2021-09-19 17:21:06,57.0531,-135.33,51.69,87,90,0.0
134,Luderitz,NA,2021-09-19 17:21:06,-26.6481,15.1594,57.92,79,0,11.81
135,San Cristobal,VE,2021-09-19 17:21:06,7.7669,-72.225,84.38,43,71,4.92
136,Yar-Sale,RU,2021-09-19 17:21:07,66.8333,70.8333,33.12,97,100,20.85
137,Port Alfred,ZA,2021-09-19 17:20:24,-33.5906,26.891,62.65,85,88,12.41
138,Lumut,MY,2021-09-19 17:21:07,4.2323,100.6298,75.56,94,40,4.61
139,Sao Filipe,CV,2021-09-19 17:20:18,14.8961,-24.4956,81.97,78,40,11.79
140,Bonavista,CA,2021-09-19 17:21:07,48.6499,-53.1147,59.11,96,100,13.85
141,Rapid Valley,US,2021-09-19 17:16:43,44.0625,-103.1463,84.33,27,1,1.01
142,Meulaboh,ID,2021-09-19 17:20:12,4.1363,96.1285,73.06,96,100,4.23
143,Wollongong,AU,2021-09-19 17:19:39,-34.4333,150.8833,56.95,65,0,7.34
144,Sao Raimundo Das Mangabeiras,BR,2021-09-19 17:21:08,-7.0219,-45.4811,102.16,17,30,6.38
145,Hami,CN,2021-09-19 17:21:08,42.8,93.45,75.51,17,0,4.03
146,Mezica,SI,2021-09-19 17:21:08,46.5214,14.8544,65.71,86,99,3.42
147,Conde,BR,2021-09-19 17:21:08,-7.2597,-34.9075,83.66,58,20,13.8
148,Mitsamiouli,KM,2021-09-19 17:21:09,-11.3847,43.2844,77.29,61,20,12.66
149,La Paz,BO,2021-09-19 17:16:36,-16.5,-68.15,58.98,33,75,9.22
150,Kismayo,SO,2021-09-19 17:21:09,-0.3582,42.5454,77.45,82,23,19.17
151,Ust-Kachka,RU,2021-09-19 17:21:09,58.006,55.6725,41.29,65,99,7.83
152,Santa Rosa,PH,2021-09-19 17:21:10,14.3122,121.1114,78.12,88,100,2.62
153,Te Anau,NZ,2021-09-19 17:21:10,-45.4167,167.7167,38.14,94,87,3.2
154,Nampula,MZ,2021-09-19 17:21:10,-15.1165,39.2666,68.31,48,8,5.93
155,Vodnyy,RU,2021-09-19 17:21:10,63.5046,53.4095,37.49,77,98,11.07
156,Umm Kaddadah,SD,2021-09-19 17:21:11,13.6017,26.6876,91.54,32,15,6.08
157,Hasaki,JP,2021-09-19 17:18:04,35.7333,140.8333,63.0,69,55,16.58
158,Iqaluit,CA,2021-09-19 17:20:16,63.7506,-68.5145,37.13,70,40,12.66
159,Kulevcha,UA,2021-09-19 17:21:11,46.0303,29.9361,58.62,55,85,16.31
160,Arraial Do Cabo,BR,2021-09-19 17:21:11,-22.9661,-42.0278,78.76,78,20,10.36
161,Aksu,CN,2021-09-19 17:21:11,41.1231,80.2644,77.14,22,0,3.6
162,Ayan,RU,2021-09-19 17:21:12,56.45,138.1667,44.49,58,20,12.21
163,Kahului,US,2021-09-19 17:21:12,20.8947,-156.47,76.26,76,40,9.22
164,Spassk-Dalniy,RU,2021-09-19 17:21:12,44.5978,132.8211,46.44,86,82,5.41
165,Fort Nelson,CA,2021-09-19 17:15:46,58.8053,-122.7002,42.39,93,75,3.44
166,Eltham,NZ,2021-09-19 17:21:13,-39.4292,174.3,50.18,91,71,5.01
167,Khatanga,RU,2021-09-19 17:21:13,71.9667,102.5,31.5,98,100,14.32
168,Cristobal Obregon,MX,2021-09-19 17:21:13,16.35,-93.5333,81.66,70,92,3.51
169,Warwick,US,2021-09-19 17:21:13,41.7001,-71.4162,75.09,54,40,13.8
170,Anadyr,RU,2021-09-19 17:21:14,64.75,177.4833,27.1,100,40,6.71
171,Le Port,RE,2021-09-19 17:21:14,-20.9373,55.2919,68.0,65,52,7.09
172,Tiksi,RU,2021-09-19 17:21:14,71.6872,128.8694,34.23,74,99,18.21
173,Port Hardy,CA,2021-09-19 17:20:10,50.6996,-127.4199,51.98,100,75,2.3
174,Sorland,NO,2021-09-19 17:20:30,67.667,12.6934,51.66,74,99,9.55
175,Upernavik,GL,2021-09-19 17:21:14,72.7868,-56.1549,26.58,56,27,4.92
176,Kargopol,RU,2021-09-19 17:21:15,61.5071,38.9456,40.21,73,51,5.7
177,Vao,NC,2021-09-19 17:21:15,-22.6667,167.4833,67.3,60,100,13.8
178,Airai,TL,2021-09-19 17:21:15,-8.9266,125.4092,56.89,71,28,3.85
179,Leningradskiy,RU,2021-09-19 17:21:15,69.3833,178.4167,26.19,85,91,23.69
180,Yerofey Pavlovich,RU,2021-09-19 17:21:16,53.9667,121.9667,38.21,92,20,2.42
181,Lebu,CL,2021-09-19 17:20:16,-37.6167,-73.65,53.55,63,3,14.43
182,Tura,IN,2021-09-19 17:21:16,25.5198,90.2201,73.69,97,30,5.48
183,Doka,SD,2021-09-19 17:21:16,13.5167,35.7667,77.77,75,43,1.63
184,Katihar,IN,2021-09-19 17:21:17,25.5333,87.5833,81.63,84,8,6.76
185,Cahors,FR,2021-09-19 17:21:17,44.4167,1.3333,65.7,70,59,6.2
186,Castro,BR,2021-09-19 17:20:15,-24.7911,-50.0119,87.78,34,14,5.77
187,San Jose,US,2021-09-19 17:18:36,37.3394,-121.895,72.55,68,20,1.01
188,Cibitoke,BI,2021-09-19 17:21:17,-2.8833,29.25,68.23,68,100,3.89
189,Saint-Augustin,CA,2021-09-19 17:21:18,51.226,-58.6502,58.44,39,100,8.43
190,Ancud,CL,2021-09-19 17:16:41,-41.8697,-73.8203,51.33,69,12,6.06
191,Torbay,CA,2021-09-19 17:21:18,47.6666,-52.7314,62.28,92,90,10.36
192,Dandong,CN,2021-09-19 17:21:18,40.1292,124.3947,63.18,93,100,6.31
193,Miri,MY,2021-09-19 17:21:19,4.4148,114.0089,82.54,83,20,3.44
194,Celina,US,2021-09-19 17:21:19,40.5489,-84.5702,87.48,61,0,6.58
195,Maneadero,MX,2021-09-19 17:21:19,31.7167,-116.5667,71.19,88,6,1.01
196,Blind River,CA,2021-09-19 17:21:19,46.1834,-82.9582,68.25,48,1,10.49
197,Canarana,BR,2021-09-19 17:21:20,-11.6847,-41.7689,94.46,14,13,4.47
198,Porto Walter,BR,2021-09-19 17:21:20,-8.2686,-72.7439,99.73,27,11,3.78
199,Constitucion,CL,2021-09-19 17:21:20,-35.3333,-72.4167,56.8,58,1,15.26
200,Nome,US,2021-09-19 17:21:20,64.5011,-165.4064,35.67,87,90,12.66
201,Aklavik,CA,2021-09-19 17:21:21,68.2191,-135.0107,41.0,60,75,5.75
202,Half Moon Bay,US,2021-09-19 17:21:21,37.4636,-122.4286,72.14,76,1,10.36
203,Nemuro,JP,2021-09-19 17:21:21,43.3236,145.575,58.55,68,100,9.15
204,Ouadda,CF,2021-09-19 17:21:22,8.0777,22.4007,70.74,93,98,2.21
205,Nuevo Progreso,MX,2021-09-19 17:21:22,23.1667,-97.95,90.59,56,13,3.2
206,Krasnoselkup,RU,2021-09-19 17:21:22,65.7,82.4667,38.03,84,65,6.6
207,Mount Gambier,AU,2021-09-19 17:21:22,-37.8333,140.7667,47.68,74,81,16.11
208,Novaya Bryan,RU,2021-09-19 17:21:23,51.7159,108.2691,45.37,78,34,1.95
209,Tamandare,BR,2021-09-19 17:21:23,-8.7597,-35.1047,80.62,60,41,8.34
210,Kosonsoy,UZ,2021-09-19 17:21:23,41.2561,71.5508,64.96,20,0,8.34
211,Tanout,NE,2021-09-19 17:21:23,14.9709,8.8879,98.74,14,25,10.58
212,Naze,JP,2021-09-19 17:21:24,28.3667,129.4833,74.37,77,13,3.38
213,San Blas,MX,2021-09-19 17:21:24,21.5167,-105.2667,87.69,74,100,2.91
214,Miyang,CN,2021-09-19 17:21:24,24.4042,103.4428,61.21,96,98,2.57
215,Shchigry,RU,2021-09-19 17:21:24,51.8755,36.9043,51.62,97,100,13.38
216,Apucarana,BR,2021-09-19 17:21:25,-23.5508,-51.4608,91.53,22,3,7.63
217,Lakes Entrance,AU,2021-09-19 17:21:25,-37.8811,147.981,58.57,68,95,7.45
218,Iquique,CL,2021-09-19 17:21:25,-20.2208,-70.1431,62.64,68,53,6.91
219,Sao Paulo De Olivenca,BR,2021-09-19 17:21:25,-3.3783,-68.8725,95.94,42,28,0.65
220,Nerchinsk,RU,2021-09-19 17:21:26,51.9833,116.5833,44.76,87,54,4.61
221,Bosaso,SO,2021-09-19 17:21:26,11.2842,49.1816,88.16,67,16,3.8
222,Abong Mbang,CM,2021-09-19 17:21:26,3.9833,13.1833,72.01,91,97,2.82
223,High Level,CA,2021-09-19 17:21:27,58.5169,-117.136,48.31,93,75,2.3
224,Zolotkovo,RU,2021-09-19 17:21:27,55.5281,41.1053,46.18,51,100,11.81
225,Carnarvon,AU,2021-09-19 17:21:27,-24.8667,113.6333,64.47,72,0,14.97
226,Nanortalik,GL,2021-09-19 17:21:27,60.1432,-45.2371,38.14,89,100,13.51
227,Llanes,ES,2021-09-19 17:21:28,43.4198,-4.7549,67.05,74,18,9.26
228,Baykit,RU,2021-09-19 17:21:28,61.67,96.37,44.6,93,100,3.51
229,Black Diamond,US,2021-09-19 17:21:28,47.3087,-122.0032,57.79,90,99,1.99
230,Sulina,RO,2021-09-19 17:21:29,45.1559,29.6536,68.47,60,41,8.79
231,Chapais,CA,2021-09-19 17:21:29,49.7834,-74.8492,55.18,43,35,5.1
232,San Jeronimo,PE,2021-09-19 17:21:29,-11.9472,-75.2829,63.77,34,20,2.19
233,Dingle,PH,2021-09-19 17:21:29,10.9995,122.6711,75.65,92,100,2.93
234,Vanimo,PG,2021-09-19 17:21:30,-2.6741,141.3028,76.98,86,100,2.48
235,Whitley Bay,GB,2021-09-19 17:21:30,55.0397,-1.4471,64.27,84,75,10.36
236,Timizart,DZ,2021-09-19 17:21:30,36.8,4.2667,77.49,60,0,5.39
237,Carballo,ES,2021-09-19 17:21:30,43.213,-8.691,67.77,85,82,5.84
238,Challapata,BO,2021-09-19 17:21:31,-18.9,-66.7667,60.82,26,3,12.39
239,Gull Lake,CA,2021-09-19 17:21:31,50.1001,-108.4847,57.56,47,95,11.7
240,Yankton,US,2021-09-19 17:21:00,42.8711,-97.3973,82.65,51,1,26.46
241,Dongsheng,CN,2021-09-19 17:21:31,39.8161,109.9776,56.77,60,96,10.6
242,Inuvik,CA,2021-09-19 17:21:31,68.3499,-133.7218,41.04,84,75,2.3
243,Coihaique,CL,2021-09-19 17:21:32,-45.5752,-72.0662,52.41,46,40,9.22
244,Plouzane,FR,2021-09-19 17:21:32,48.3833,-4.6167,61.12,72,20,11.5
245,Montepuez,MZ,2021-09-19 17:21:32,-13.1256,38.9997,77.43,31,47,10.54
246,Moron,AR,2021-09-19 17:21:33,-34.6534,-58.6198,65.84,90,89,5.01
247,Vauvert,FR,2021-09-19 17:21:33,43.7,4.2833,71.19,60,0,3.44
248,Kolda,SN,2021-09-19 17:21:33,12.8833,-14.95,86.31,70,40,4.61
249,Port Blair,IN,2021-09-19 17:21:33,11.6667,92.75,80.51,83,86,3.56
250,Souillac,MU,2021-09-19 17:21:34,-20.5167,57.5167,70.18,60,75,11.5
251,La Palma,US,2021-09-19 17:21:34,33.8464,-118.0467,78.96,77,75,4.61
252,Limbang,MY,2021-09-19 17:21:34,4.75,115.0,77.11,93,100,0.43
253,Bilibino,RU,2021-09-19 17:21:34,68.0546,166.4372,16.34,91,27,4.99
254,Tynda,RU,2021-09-19 17:21:35,55.1667,124.7167,35.35,92,41,1.45
255,Bambous Virieux,MU,2021-09-19 17:21:35,-20.3428,57.7575,70.05,60,75,11.5
256,Zaraza,VE,2021-09-19 17:21:35,9.3503,-65.3245,86.18,63,75,6.62
257,Los Alamos,US,2021-09-19 17:21:36,35.8881,-106.307,72.79,56,75,1.99
258,Sosenskiy,RU,2021-09-19 17:21:36,54.059,35.9623,44.31,95,100,15.19
259,Slave Lake,CA,2021-09-19 17:21:36,55.2834,-114.769,46.38,93,90,12.66
260,College,US,2021-09-19 17:17:25,64.8569,-147.8028,39.15,92,90,0.0
261,Rio Grande,BR,2021-09-19 17:21:37,-32.035,-52.0986,71.71,86,99,9.84
262,Fuente Palmera,ES,2021-09-19 17:21:37,37.7049,-5.0996,88.75,20,5,3.24
263,Vallenar,CL,2021-09-19 17:21:37,-28.5708,-70.7581,71.35,28,59,9.46
264,Moree,AU,2021-09-19 17:21:37,-29.4667,149.85,48.22,76,0,12.66
265,Sharan,RU,2021-09-19 17:21:38,54.8167,54.0,37.98,69,66,4.07
266,Wattegama,LK,2021-09-19 17:20:17,6.7989,81.4808,79.3,81,68,4.27
267,Salaga,GH,2021-09-19 17:21:38,8.5508,-0.5188,82.98,74,94,3.67
268,Lagoa,PT,2021-09-19 17:21:38,39.05,-27.9833,68.27,65,17,14.03
269,Leh,IN,2021-09-19 17:21:39,34.1667,77.5833,64.06,29,0,4.27
270,Ponta Do Sol,PT,2021-09-19 17:20:30,32.6667,-17.1,77.13,64,32,4.27
271,Westport,US,2021-09-19 17:21:39,41.1415,-73.3579,77.99,46,1,1.01
272,Kaitangata,NZ,2021-09-19 17:21:39,-46.2817,169.8464,40.32,94,20,6.76
273,Tokur,RU,2021-09-19 17:21:39,53.1333,132.9,28.44,95,4,4.09
274,Porto Novo,BJ,2021-09-19 17:21:40,6.4965,2.6036,82.22,73,59,9.1
275,Acapulco,MX,2021-09-19 17:21:40,16.8634,-99.8901,87.62,66,20,0.0
276,Lamar,US,2021-09-19 17:21:40,33.6668,-95.5836,88.65,67,20,0.0
277,Kalmunai,LK,2021-09-19 17:21:41,7.4167,81.8167,81.5,82,54,8.66
278,San Juan,AR,2021-09-19 17:18:47,-31.5375,-68.5364,75.72,22,0,17.43
279,Thinadhoo,MV,2021-09-19 17:21:41,0.5333,72.9333,83.7,71,99,3.22
280,Zhigansk,RU,2021-09-19 17:21:41,66.7697,123.3711,30.43,83,72,10.42
281,Pangnirtung,CA,2021-09-19 17:20:28,66.1451,-65.7125,37.4,60,75,19.57
282,Damietta,EG,2021-09-19 17:21:41,31.4165,31.8133,80.49,62,0,8.75
283,Baghdad,IQ,2021-09-19 17:20:12,33.3406,44.4009,91.31,21,0,9.22
284,Pevek,RU,2021-09-19 17:21:42,69.7008,170.3133,30.74,74,100,10.42
285,Oriximina,BR,2021-09-19 17:21:42,-1.7656,-55.8661,95.92,39,7,5.14
286,Srednekolymsk,RU,2021-09-19 17:21:42,67.45,153.6833,27.46,68,100,19.13
287,Isangel,VU,2021-09-19 17:21:43,-19.55,169.2667,68.38,69,6,10.96
288,Anjozorobe,MG,2021-09-19 17:21:43,-18.4,47.8667,55.72,91,97,6.64
289,Sinnamary,GF,2021-09-19 17:21:43,5.3833,-52.95,84.83,69,93,9.19
290,Irbeyskoye,RU,2021-09-19 17:21:43,55.6428,95.4522,52.95,88,100,1.66
291,Cayenne,GF,2021-09-19 17:21:44,4.9333,-52.3333,89.64,73,75,5.99
292,Codrington,AU,2021-09-19 17:20:21,-38.2667,141.9667,47.12,79,65,21.05
293,Los Llanos De Aridane,ES,2021-09-19 17:20:07,28.6585,-17.9182,73.15,82,20,12.66
294,Namibe,AO,2021-09-19 17:21:44,-15.1961,12.1522,65.19,75,31,11.56
295,Port Elizabeth,ZA,2021-09-19 17:20:18,-33.918,25.5701,61.11,82,0,24.16
296,Nadym,RU,2021-09-19 17:21:44,65.5333,72.5167,37.33,93,95,13.11
297,Geraldton,AU,2021-09-19 17:21:45,-28.7667,114.6,54.12,93,0,8.05
298,Vitim,RU,2021-09-19 17:21:45,59.4511,112.5578,49.24,73,100,1.59
299,Atbasar,KZ,2021-09-19 17:21:45,51.8,68.3333,38.98,60,41,9.1
300,Kudahuvadhoo,MV,2021-09-19 17:21:46,2.6708,72.8944,83.19,76,96,8.16
301,Henties Bay,NA,2021-09-19 17:21:46,-22.116,14.2845,58.86,85,3,11.39
302,Vila Velha,BR,2021-09-19 17:21:46,-20.3297,-40.2925,78.75,69,0,12.66
303,Nanpiao,CN,2021-09-19 17:21:46,41.0982,120.7479,62.4,97,100,6.71
304,Cockburn Town,TC,2021-09-19 17:21:47,21.4612,-71.1419,82.83,72,8,12.37
305,Pychas,RU,2021-09-19 17:21:47,56.5033,52.4409,36.05,77,53,7.11
306,Humboldt,US,2021-09-19 17:21:47,40.6665,-123.9178,55.6,90,94,1.99
307,Imbituba,BR,2021-09-19 17:21:48,-28.24,-48.6703,75.09,80,55,15.32
308,Labuhan,ID,2021-09-19 17:21:48,-6.8844,112.2051,78.8,75,17,8.61
309,Alamogordo,US,2021-09-19 17:21:48,32.8995,-105.9603,88.95,31,1,13.8
310,San Vicente,AR,2021-09-19 17:21:49,-26.6167,-54.1333,94.42,27,66,5.59
311,Bjerkvik,NO,2021-09-19 17:21:49,68.5597,17.5189,49.21,68,47,5.48
312,Fortuna,US,2021-09-19 17:21:49,40.5982,-124.1573,64.42,74,40,1.99
313,Veraval,IN,2021-09-19 17:21:49,20.9,70.3667,80.69,89,32,10.89
314,Huarmey,PE,2021-09-19 17:21:50,-10.0681,-78.1522,67.17,69,18,11.77
315,Deoli,IN,2021-09-19 17:21:50,25.75,75.3833,79.95,85,67,5.59
316,Egvekinot,RU,2021-09-19 17:21:50,66.3167,-179.1667,21.78,67,16,5.79
317,Olinda,BR,2021-09-19 17:18:44,-8.0089,-34.8553,80.33,57,0,10.36
318,Balikpapan,ID,2021-09-19 17:21:51,-1.2675,116.8289,76.96,84,97,7.4
319,Puerto Madero,MX,2021-09-19 17:21:51,14.7208,-92.4215,89.8,62,1,4.61
320,Huanuco,PE,2021-09-19 17:21:51,-9.9329,-76.2415,77.61,41,13,9.04
321,Willowmore,ZA,2021-09-19 17:21:52,-33.2926,23.4895,62.94,34,44,6.78
322,Galdar,ES,2021-09-19 17:21:52,28.147,-15.6502,77.5,73,30,12.64
323,Sao Borja,BR,2021-09-19 17:21:52,-28.6606,-56.0044,91.94,54,100,9.33
324,Erzin,TR,2021-09-19 17:21:52,36.9559,36.2,79.52,75,0,3.13
325,Kitaibaraki,JP,2021-09-19 17:21:53,36.7833,140.75,55.89,70,80,6.71
326,Harper,LR,2021-09-19 17:21:53,4.375,-7.7169,81.59,70,53,6.06
327,Darhan,MN,2021-09-19 17:21:53,49.4867,105.9228,53.28,81,56,5.75
328,Teya,RU,2021-09-19 17:21:53,60.3778,92.6267,41.83,88,99,3.42
329,Nambucca Heads,AU,2021-09-19 17:21:54,-30.65,153.0,60.8,77,0,4.65
330,Tezu,IN,2021-09-19 17:21:54,27.9167,96.1667,75.27,82,2,3.42
331,Nivala,FI,2021-09-19 17:21:54,63.9167,24.9667,42.69,81,90,4.88
332,Riyadh,SA,2021-09-19 17:17:56,24.6877,46.7219,93.34,16,0,9.69
333,Pangai,TO,2021-09-19 17:21:55,-19.8,-174.35,75.31,73,40,6.91
334,Bourail,NC,2021-09-19 17:21:55,-21.5667,165.4833,66.85,65,93,4.7
335,Hualmay,PE,2021-09-19 17:20:24,-11.0964,-77.6139,66.42,66,23,12.21
336,Mayo,US,2021-09-19 17:21:55,38.8876,-76.5119,82.42,59,1,1.01
337,Saint-Pierre,RE,2021-09-19 17:21:55,-21.3393,55.4781,67.68,71,75,4.61
338,Kavaratti,IN,2021-09-19 17:21:56,10.5669,72.642,82.11,77,52,10.04
339,Ryotsu,JP,2021-09-19 17:21:56,38.0833,138.4333,69.49,71,78,11.83
340,Adrar,MR,2021-09-19 17:21:56,20.5022,-10.0711,100.62,16,2,14.5
341,Nybro,SE,2021-09-19 17:21:56,56.7446,15.9071,50.81,69,100,9.26
342,Kampong Chhnang,KH,2021-09-19 17:21:57,12.1667,104.55,75.4,89,81,1.19
343,Abu Kamal,SY,2021-09-19 17:21:57,34.4506,40.9171,87.15,21,0,7.31
344,Yerbogachen,RU,2021-09-19 17:21:57,61.2767,108.0108,45.59,97,100,4.03
345,Kiunga,PG,2021-09-19 17:21:58,-6.1219,141.2906,73.26,100,100,0.51
346,Matagami,CA,2021-09-19 17:21:58,49.7502,-77.6328,64.51,52,1,11.5
347,Adre,TD,2021-09-19 17:21:58,13.4667,22.2,80.24,53,78,6.89
348,Lodja,CD,2021-09-19 17:21:58,-3.4833,23.4333,75.96,74,99,2.17
349,Calverton,US,2021-09-19 17:21:59,39.0576,-76.9358,81.64,63,1,1.01
350,Morden,CA,2021-09-19 17:18:42,49.1919,-98.1014,82.06,31,32,11.5
351,Ucluelet,CA,2021-09-19 17:18:57,48.9329,-125.5528,56.08,92,52,7.49
352,Mersing,MY,2021-09-19 17:22:00,2.4312,103.8405,75.11,94,100,4.61
353,Wahiawa,US,2021-09-19 17:22:00,21.5028,-158.0236,73.72,87,90,0.0
354,Cam Ranh,VN,2021-09-19 17:22:01,11.9214,109.1591,76.96,88,40,2.3
355,Melo,UY,2021-09-19 17:22:01,-32.3667,-54.1833,71.37,74,99,12.28
356,Florina,GR,2021-09-19 17:22:01,40.782,21.4098,78.12,51,6,4.76
357,Rantepao,ID,2021-09-19 17:22:01,-2.9701,119.8978,64.87,78,60,1.83
358,Shingu,JP,2021-09-19 17:22:02,33.7333,135.9833,73.9,87,95,1.05
359,Cherskiy,RU,2021-09-19 17:22:02,68.75,161.3,24.37,77,16,6.93
360,Goundam,ML,2021-09-19 17:22:02,16.4145,-3.6708,103.51,16,8,5.99
361,Haradok,BY,2021-09-19 17:22:02,55.4624,29.9816,39.7,97,100,14.5
362,Lokosovo,RU,2021-09-19 17:22:03,61.1333,74.8167,35.53,99,100,5.1
363,East Hemet,US,2021-09-19 17:22:03,33.74,-116.9389,89.19,36,0,1.01
364,Sisimiut,GL,2021-09-19 17:22:03,66.9395,-53.6735,34.79,47,96,9.4
365,Gizo,SB,2021-09-19 17:22:04,-8.103,156.8419,81.3,76,99,6.29
366,Hambantota,LK,2021-09-19 17:22:04,6.1241,81.1185,80.8,84,22,13.33
367,Vestmannaeyjar,IS,2021-09-19 17:22:04,63.4427,-20.2734,50.99,81,40,12.66
368,Serebryansk,KZ,2021-09-19 17:22:04,49.6925,83.2892,47.75,55,49,11.41
369,Katobu,ID,2021-09-19 17:22:05,-4.9408,122.5276,73.69,89,99,7.16
370,Oum Hadjer,TD,2021-09-19 17:22:05,13.2954,19.6966,86.67,55,23,10.71
371,Talnakh,RU,2021-09-19 17:22:05,69.4865,88.3972,38.23,96,100,4.83
372,Havre-Saint-Pierre,CA,2021-09-19 17:22:05,50.2334,-63.5986,61.16,51,1,14.97
373,Cozumel,MX,2021-09-19 17:20:05,20.5083,-86.9458,90.0,70,75,4.0
374,Krutinka,RU,2021-09-19 17:22:06,56.0055,71.5113,35.76,97,100,17.34
375,Kisanga,TZ,2021-09-19 17:22:06,-7.4362,37.7034,82.78,48,41,4.54
376,Salalah,OM,2021-09-19 17:22:06,17.0151,54.0924,80.69,94,40,8.05
377,Sakakah,SA,2021-09-19 17:22:07,29.9697,40.2064,92.77,18,0,2.68
378,Cabedelo,BR,2021-09-19 17:22:07,-6.9811,-34.8339,84.87,62,63,14.92
379,Piacabucu,BR,2021-09-19 17:22:07,-10.4056,-36.4344,81.32,58,63,9.51
380,Samarai,PG,2021-09-19 17:22:07,-10.6167,150.6667,78.26,88,100,16.24
381,Comodoro Rivadavia,AR,2021-09-19 17:22:08,-45.8667,-67.5,49.86,66,40,9.22
382,Nhulunbuy,AU,2021-09-19 17:22:08,-12.2333,136.7667,72.21,78,92,5.75
383,Ballina,AU,2021-09-19 17:22:08,-28.8667,153.5667,56.95,98,7,5.08
384,Portland,US,2021-09-19 17:18:35,45.5234,-122.6762,60.51,91,75,1.01
385,Maragogi,BR,2021-09-19 17:22:09,-9.0122,-35.2225,80.11,59,55,7.54
386,Zwedru,LR,2021-09-19 17:22:09,6.0667,-8.1281,79.0,90,88,2.86
387,Klaksvik,FO,2021-09-19 17:22:09,62.2266,-6.589,50.92,94,99,9.31
388,Ilhabela,BR,2021-09-19 17:22:09,-23.7781,-45.3581,76.96,78,8,5.66
389,Batagay-Alyta,RU,2021-09-19 17:22:10,67.8006,130.4114,23.99,90,97,4.18
390,Kjollefjord,NO,2021-09-19 17:22:10,70.9457,27.3465,42.62,75,0,12.66
391,Papara,BR,2021-09-19 17:22:10,-3.9839,-38.7273,84.6,33,23,10.38
392,Yangjiang,CN,2021-09-19 17:22:10,21.85,111.9667,79.57,87,77,3.74
393,Bennettsville,US,2021-09-19 17:22:11,34.6174,-79.6848,89.33,57,75,3.0
394,Paamiut,GL,2021-09-19 17:22:11,61.994,-49.6678,37.2,83,100,9.4
395,Manjakandriana,MG,2021-09-19 17:22:11,-18.9167,47.8,53.29,95,100,5.59
396,Kabanjahe,ID,2021-09-19 17:22:11,3.1001,98.4908,61.56,96,100,5.84
397,Ahipara,NZ,2021-09-19 17:22:12,-35.1667,173.1667,57.24,91,74,11.83
398,Andenes,NO,2021-09-19 17:22:12,69.3143,16.1194,49.46,63,85,6.24
399,Belaya Gora,RU,2021-09-19 17:22:12,68.5333,146.4167,25.77,76,99,11.1
400,Pilar,BR,2021-09-19 17:20:55,-9.5972,-35.9567,85.93,49,58,7.87
401,Petropavlovsk-Kamchatskiy,RU,2021-09-19 17:22:13,53.0452,158.6483,48.79,100,90,6.71
402,Puerto Leguizamo,CO,2021-09-19 17:22:13,-0.1934,-74.7819,93.94,41,45,1.01
403,Grindavik,IS,2021-09-19 17:22:13,63.8424,-22.4338,50.47,81,75,13.8
404,Elko,US,2021-09-19 17:18:05,41.0002,-115.5012,55.63,63,88,15.01
405,Hokitika,NZ,2021-09-19 17:22:13,-42.7167,170.9667,49.96,86,62,12.17
406,Grand Gaube,MU,2021-09-19 17:22:14,-20.0064,57.6608,70.2,69,92,3.0
407,Toppenish,US,2021-09-19 17:22:14,46.3774,-120.3087,62.85,68,96,10.25
408,Tabory,RU,2021-09-19 17:22:14,58.5198,64.5495,36.66,89,100,12.97
409,Mumford,GH,2021-09-19 17:22:15,5.2618,-0.759,77.58,84,42,10.65
410,Anastasiyevskaya,RU,2021-09-19 17:22:15,45.2158,37.8926,70.29,81,84,10.67
411,Guasdualito,VE,2021-09-19 17:22:15,7.2424,-70.7324,89.22,57,13,3.13
412,Pochutla,MX,2021-09-19 17:22:15,15.7432,-96.4661,91.81,61,94,5.21
413,Luanda,AO,2021-09-19 17:20:26,-8.8368,13.2343,73.92,78,72,12.95
414,Orlik,RU,2021-09-19 17:22:16,52.5178,99.825,48.25,55,44,3.67
415,Wellington,NZ,2021-09-19 17:21:15,-41.2866,174.7756,54.77,90,75,1.01
416,Iralaya,HN,2021-09-19 17:22:16,15.0,-83.2333,89.69,65,10,9.64
417,Auburn,US,2021-09-19 17:22:16,47.3073,-122.2284,59.76,87,75,1.01
418,Vengerovo,RU,2021-09-19 17:22:17,55.6848,76.7471,38.21,77,97,13.33
419,Russell,US,2021-09-19 17:18:28,32.3502,-85.1999,80.31,81,90,5.75
420,Hwange,ZW,2021-09-19 17:22:17,-18.3693,26.5019,78.69,38,5,4.7
421,Santo Domingo,DO,2021-09-19 17:19:07,18.5001,-69.9886,91.04,63,20,5.01
422,Araguaina,BR,2021-09-19 17:22:17,-7.1911,-48.2072,104.74,17,12,4.79
423,Lisala,CD,2021-09-19 17:22:17,2.15,21.5167,73.29,91,29,2.57
424,Taoudenni,ML,2021-09-19 17:22:18,22.6783,-3.9836,111.09,6,6,12.28
425,Shimoda,JP,2021-09-19 17:22:18,34.6667,138.95,69.82,67,34,14.47
426,Guerrero Negro,MX,2021-09-19 17:22:18,27.9769,-114.0611,73.53,66,3,15.48
427,Prince Rupert,CA,2021-09-19 17:22:18,54.3161,-130.3201,53.29,96,90,4.61
428,Burgeo,CA,2021-09-19 17:22:19,47.6167,-57.6152,57.22,89,100,16.42
429,Kamaishi,JP,2021-09-19 17:22:19,39.2667,141.8833,63.9,84,100,3.96
430,Beisfjord,NO,2021-09-19 17:22:19,68.3751,17.5988,51.26,74,60,7.47
431,Sur,OM,2021-09-19 17:22:20,22.5667,59.5289,83.16,71,42,15.28
432,Storsteinnes,NO,2021-09-19 17:22:20,69.2408,19.2344,50.79,77,88,6.26
433,Mackenzie,CA,2021-09-19 17:22:20,55.2999,-123.1698,44.82,93,90,6.91
434,Tateyama,JP,2021-09-19 17:22:20,34.9833,139.8667,68.02,75,80,14.47
435,Sechura,PE,2021-09-19 17:22:21,-5.5569,-80.8222,75.51,56,15,8.68
436,Lihula,EE,2021-09-19 17:22:21,58.6814,23.8453,44.83,73,0,7.94
437,Dicabisagan,PH,2021-09-19 17:22:21,17.0818,122.4157,78.69,90,58,2.73
438,Reconquista,AR,2021-09-19 17:20:19,-29.15,-59.65,94.55,36,100,10.54
439,Jacksonville Beach,US,2021-09-19 17:20:33,30.2947,-81.3931,86.11,82,90,1.99
440,Saint Anthony,US,2021-09-19 17:21:09,45.0205,-93.218,86.25,56,1,4.0
441,Laje,BR,2021-09-19 17:22:21,-10.1833,-40.9667,91.83,18,59,5.75
442,Barcelos,PT,2021-09-19 17:22:22,41.5388,-8.6151,74.91,60,1,12.91
443,Hovd,MN,2021-09-19 17:22:22,48.0056,91.6419,61.3,36,58,4.9
444,Avera,US,2021-09-19 17:22:22,33.194,-82.5271,84.07,59,100,11.07
445,Mirabad,AF,2021-09-19 17:22:23,30.4362,61.8383,86.02,17,0,15.1
446,Husavik,IS,2021-09-19 17:20:13,66.0449,-17.3389,53.51,85,100,4.61
447,Kilembe,UG,2021-09-19 17:22:23,0.2,30.0,64.22,84,86,1.41
448,Opuwo,NA,2021-09-19 17:22:23,-18.0607,13.84,82.58,16,8,15.93
449,Anchorage,US,2021-09-19 17:19:37,61.2181,-149.9003,43.66,85,1,0.0
450,Sao Jose Da Coroa Grande,BR,2021-09-19 17:22:24,-8.8978,-35.1478,80.33,59,43,7.87
451,Walvis Bay,NA,2021-09-19 17:22:24,-22.9575,14.5053,59.95,63,0,13.8
452,Port-Cartier,CA,2021-09-19 17:22:24,50.0334,-66.8654,61.02,48,20,4.07
453,Escanaba,US,2021-09-19 17:20:22,45.7453,-87.0646,77.67,85,1,9.22
454,Jackson,US,2021-09-19 17:18:14,42.4165,-122.8345,60.89,87,90,0.0
455,Saint-Joseph,RE,2021-09-19 17:22:24,-21.3667,55.6167,66.58,67,55,6.93
456,Baculin,PH,2021-09-19 17:22:25,7.4525,126.5842,78.31,84,100,4.99
457,Kayes,ML,2021-09-19 17:22:25,14.0,-11.0,77.23,88,100,8.48
458,Keti Bandar,PK,2021-09-19 17:22:25,24.1447,67.4497,84.18,81,45,11.03
459,Kendari,ID,2021-09-19 17:22:26,-3.945,122.4989,75.18,92,100,2.53
460,Rocha,UY,2021-09-19 17:22:26,-34.4833,-54.3333,64.27,84,80,12.33
461,Falavarjan,IR,2021-09-19 17:22:26,32.5553,51.5097,78.01,10,0,0.87
462,Olafsvik,IS,2021-09-19 17:22:26,64.8945,-23.7142,48.31,72,95,10.6
463,Polyarnyy,RU,2021-09-19 17:22:27,69.1989,33.4478,39.67,67,5,8.3
464,Natal,BR,2021-09-19 17:18:49,-5.795,-35.2094,86.65,62,40,17.27
465,Ordzhonikidze,KZ,2021-09-19 17:22:27,52.4411,61.7408,38.93,60,31,11.9
466,Mount Isa,AU,2021-09-19 17:22:27,-20.7333,139.5,64.17,48,1,3.44
467,Ayagoz,KZ,2021-09-19 17:22:28,47.9714,80.4392,51.12,45,77,13.11
468,Malinovoye Ozero,RU,2021-09-19 17:22:28,51.6753,79.7825,42.28,61,23,7.56
469,Lethem,GY,2021-09-19 17:22:28,3.3803,-59.7968,92.05,48,75,3.85
470,Asfi,MA,2021-09-19 17:22:28,32.2994,-9.2372,72.46,74,63,14.36
471,Kirn,DE,2021-09-19 17:22:29,49.7833,7.45,65.08,67,90,3.87
472,Caravelas,BR,2021-09-19 17:22:29,-17.7125,-39.2481,82.45,54,11,10.45
473,Khandyga,RU,2021-09-19 17:22:29,62.6667,135.6,33.48,99,100,6.13
474,Rio Gallegos,AR,2021-09-19 17:22:29,-51.6226,-69.2181,53.65,47,75,8.05
475,Manokwari,ID,2021-09-19 17:22:30,-0.8667,134.0833,79.09,80,99,10.09
476,Ekhabi,RU,2021-09-19 17:22:30,53.5102,142.9671,48.42,63,79,17.78
477,Garwa,IN,2021-09-19 17:22:30,24.1833,83.8167,77.2,89,13,2.57
478,Wanaka,NZ,2021-09-19 17:22:30,-44.7,169.15,39.11,92,100,1.01
479,Thongwa,MM,2021-09-19 17:22:31,16.7619,96.5278,80.76,91,100,5.59
480,Canatlan,MX,2021-09-19 17:22:31,24.5167,-104.7833,72.32,48,0,4.79
481,Tuatapere,NZ,2021-09-19 17:22:31,-46.1333,167.6833,39.81,92,46,6.02
482,Cap Malheureux,MU,2021-09-19 17:22:31,-19.9842,57.6142,70.29,69,95,3.0
483,Waipawa,NZ,2021-09-19 17:22:32,-41.4122,175.5153,52.03,81,97,15.55
484,Bolu,TR,2021-09-19 17:22:32,40.6667,31.5833,62.69,69,7,1.88
485,Tarko-Sale,RU,2021-09-19 17:22:32,64.9225,77.785,37.8,90,99,8.43
486,Tshane,BW,2021-09-19 17:22:33,-24.0196,21.8684,81.3,22,60,10.33
487,Haines Junction,CA,2021-09-19 17:22:33,60.7522,-137.5108,42.75,70,99,5.75
488,Sale,MA,2021-09-19 17:22:33,34.0389,-6.8166,77.63,69,93,6.91
489,Rockport,US,2021-09-19 17:22:33,28.0206,-97.0544,93.04,65,1,1.99
490,Chalmette,US,2021-09-19 17:22:34,29.9427,-89.9634,87.01,70,1,5.99
491,Kouqian,CN,2021-09-19 17:22:34,43.6391,126.4578,59.83,94,100,2.51
492,Batken,KG,2021-09-19 17:22:34,39.8333,71.0,57.54,28,0,1.83
493,Chazuta,PE,2021-09-19 17:22:34,-6.5742,-76.1367,94.05,38,18,0.58
494,Kihei,US,2021-09-19 17:21:06,20.785,-156.4656,76.26,76,40,9.22
495,Madaoua,NE,2021-09-19 17:22:35,14.073,5.96,97.59,25,82,3.02
496,Kuala Lipis,MY,2021-09-19 17:22:35,4.1842,102.0468,73.31,99,100,0.63
497,Vredendal,ZA,2021-09-19 17:22:35,-31.6683,18.5012,58.3,78,11,9.06
498,Vardo,NO,2021-09-19 17:22:35,70.3705,31.1107,46.6,65,0,9.22
499,Indiana,US,2021-09-19 17:19:45,40.0003,-86.2503,88.14,57,1,6.91
500,Luorong,CN,2021-09-19 17:22:36,24.4058,109.6086,77.63,85,38,1.79
501,Flers,FR,2021-09-19 17:22:36,48.7372,-0.5747,62.85,73,100,5.88
502,Esfarayen,IR,2021-09-19 17:22:36,37.0765,57.5101,71.26,43,0,6.51
503,Tautira,PF,2021-09-19 17:22:36,-17.7333,-149.15,75.22,75,67,21.68
504,Kamenka,RU,2021-09-19 17:20:22,51.3223,42.7678,57.0,35,100,22.57
505,Collierville,US,2021-09-19 17:18:36,35.042,-89.6645,79.0,92,75,3.44
506,Rawlins,US,2021-09-19 17:22:37,41.7911,-107.2387,66.42,42,1,24.16
507,Anjar,IN,2021-09-19 17:22:37,23.1333,70.0167,83.23,78,59,13.82
508,Abhar,IR,2021-09-19 17:22:37,36.1468,49.218,66.02,47,0,4.72
509,Bognor Regis,GB,2021-09-19 17:22:38,50.7821,-0.6798,67.17,68,100,5.61
510,Ilulissat,GL,2021-09-19 17:22:38,69.2167,-51.1,26.62,46,12,5.75
511,Santa Cruz,BO,2021-09-19 17:22:38,-17.8,-63.1667,94.46,43,75,25.32
512,Port Augusta,AU,2021-09-19 17:22:39,-32.5,137.7667,57.34,70,0,5.61
513,Rexburg,US,2021-09-19 17:22:39,43.826,-111.7897,49.26,84,90,3.44
514,Sabang,ID,2021-09-19 17:22:39,5.8933,95.3214,79.27,83,100,23.29
515,Clyde River,CA,2021-09-19 17:20:20,70.4692,-68.5914,31.05,56,95,4.7
516,Tazovskiy,RU,2021-09-19 17:22:39,67.4667,78.7,38.3,95,99,15.01
517,Evensk,RU,2021-09-19 17:22:40,61.95,159.2333,46.31,82,100,7.05
518,Sept-Iles,CA,2021-09-19 17:22:40,50.2001,-66.3821,61.32,69,40,7.0
519,Atlantic City,US,2021-09-19 17:22:40,39.3643,-74.4229,81.01,54,1,4.61
520,Falun,SE,2021-09-19 17:22:40,60.6036,15.626,48.61,75,97,4.29
521,Praia Da Vitoria,PT,2021-09-19 17:22:41,38.7333,-27.0667,71.85,83,40,10.94
522,Ramshir,IR,2021-09-19 17:22:41,30.8946,49.4092,94.86,11,0,12.73
523,Auki,SB,2021-09-19 17:22:41,-8.7676,160.7034,76.6,89,99,3.98
524,Pallasovka,RU,2021-09-19 17:22:41,50.05,46.8833,54.52,33,99,11.54
525,Pedernales,DO,2021-09-19 17:22:42,18.0384,-71.744,84.51,69,3,6.78
526,Saint George,US,2021-09-19 17:18:48,37.1041,-113.5841,81.63,48,1,1.99
527,Kyzyl,RU,2021-09-19 17:22:42,51.7,94.45,59.56,40,79,5.08
528,Richards Bay,ZA,2021-09-19 17:21:34,-28.783,32.0377,67.44,69,31,18.16
529,Tarrega,ES,2021-09-19 17:22:42,41.647,1.1396,77.61,34,4,4.03
530,Casma,CL,2021-09-19 17:22:43,-41.0082,-73.1244,52.88,47,24,3.85
531,Dalvik,IS,2021-09-19 17:22:43,65.9702,-18.5286,53.53,68,59,3.47
532,Urumqi,CN,2021-09-19 17:22:43,43.801,87.6005,74.35,29,0,11.18
533,Sheltozero,RU,2021-09-19 17:22:43,61.3667,35.3667,45.75,61,31,13.62
534,Mogadishu,SO,2021-09-19 17:22:44,2.0371,45.3438,78.24,82,0,18.84
535,Goderich,CA,2021-09-19 17:18:28,43.7501,-81.7165,74.03,49,0,8.05
536,Youkounkoun,GN,2021-09-19 17:22:44,12.5333,-13.1333,86.85,78,49,3.62
537,Peniche,PT,2021-09-19 17:22:44,39.3558,-9.3811,72.88,72,5,20.74
538,Tiznit,MA,2021-09-19 17:22:44,29.5833,-9.5,71.82,67,100,6.82
539,Maykor,RU,2021-09-19 17:22:45,59.0059,55.88,39.34,68,99,9.95
540,Luganville,VU,2021-09-19 17:22:45,-15.5333,167.1667,76.03,84,69,13.44
541,Panzhihua,CN,2021-09-19 17:22:45,26.5851,101.7128,62.92,91,3,1.14
542,Veliki Preslav,BG,2021-09-19 17:22:46,43.1667,26.8167,68.72,45,23,4.34
543,San Ignacio,BZ,2021-09-19 17:22:46,17.1561,-89.0714,87.94,70,40,4.61
544,Marathon,US,2021-09-19 17:22:46,44.9,-89.7668,80.13,67,1,1.01
545,Uni,RU,2021-09-19 17:22:46,57.7535,51.4923,38.39,59,100,8.59
546,Mahibadhoo,MV,2021-09-19 17:22:47,3.7833,72.9667,83.05,75,91,8.03
547,Bubaque,GW,2021-09-19 17:22:47,11.2833,-15.8333,80.96,80,100,8.61
548,Sao Felix Do Xingu,BR,2021-09-19 17:22:47,-6.6447,-51.995,100.96,23,61,1.95
549,Cortes,ES,2021-09-19 17:22:47,41.9395,-1.4396,73.45,45,11,16.96
550,Mtambile,TZ,2021-09-19 17:22:48,-5.3833,39.7,76.51,82,6,15.48
551,Pacific Grove,US,2021-09-19 17:22:38,36.6177,-121.9166,71.8,91,90,3.0
552,Agucadoura,PT,2021-09-19 17:22:48,41.4318,-8.7804,75.31,76,1,19.89
553,Port Hedland,AU,2021-09-19 17:22:48,-20.3167,118.5667,68.05,52,38,6.91
554,Rehoboth,NA,2021-09-19 17:22:48,-23.3167,17.0833,73.45,15,1,16.46
555,Bom Jesus,BR,2021-09-19 17:22:49,-9.0744,-44.3586,104.02,14,39,4.16
556,Tahoua,NE,2021-09-19 17:22:49,14.8888,5.2692,80.58,57,20,9.22
